SNP position,Region,Isolates,SNP,Substitution,Antibiotic,Footnotes,locus_tag,gene,product,intergenic,pseudo,strand,type
7254,DNA gyrase subunit A (GyrA),"HUSA304, (S85, S130, S87)",T->G,Ser84->Ala84 (Ser84Ala),,Change from serine to alanine occurs due to accompanying SNP (7255) within the same codon.,"(('SATW20_00060',),)","(('gyrA',),)","(('DNA gyrase subunit A',),)","(0,)","(0,)","(1,)","('CDS',)"
7255,GyrA,"(BK2421, LHH1), (GRE18, GRE317, GRE4), (TUR9, TUR1), (TUR27, 3HK), (URU110, HU25, 2A8, BRA36, BZ48, BRA2, CHL1, CHL151, HGSA9, HGSA142, HSJ216, AGT67, AGT9, URU34, AGT1), HUSA304, GRE108, (CHI59, CHI61), (S102, S40, S71, S93, TW20, S38, S7, DEN907, S26, S25, S97, S106, S2, S78, S42, S24, S81, S39, S21)",C->T,Ser84Leu,Quinolone (23),,"(('SATW20_00060',),)","(('gyrA',),)","(('DNA gyrase subunit A',),)","(0,)","(0,)","(1,)","('CDS',)"
7266,GyrA,"(HU109, HUR18), AGT120, HU106, (ICP5014, ICP5062)",G->A,Lys88Glu,Quinolone (23),,"(('SATW20_00060',),)","(('gyrA',),)","(('DNA gyrase subunit A',),)","(0,)","(0,)","(1,)","('CDS',)"
133864,Immunoglobulin G binding protein A precursor,"HU25, GRE108",G->A,Synonymous,-,,"(('SATW20_01230',),)","(('spa',),)","(('immunoglobulin G binding protein A precursor',),)","(0,)","(0,)","(-1,)","('CDS',)"
134787,92 bp upstream of immunoglobulin G binding protein A precursor,"3HK, (HU25, BZ48, BRA2, CHL1, AGT120, HGSA142, HSJ216, AGT67, AGT9, AGT1)",G->T,Intergenic,-,,"(('SATW20_01230',),)","(('spa',),)","(('immunoglobulin G binding protein A precursor',),)","(-93,)","(0,)","(-1,)","('CDS',)"
278498,129 bp upstream of putative acetyl-coenzyme A transferase,"(ANS46, BK2421, LHH1, R35, GRE18, GRE317, GRE4, TUR9, TUR1, HU109, HUR18, TUR27, 3HK), GRE108",T->C,Intergenic,-,,"(('SATW20_02360',),)","(('fadX',),)","(('putative acetyl-CoA transferase',),)","(-130,)","(0,)","(-1,)","('CDS',)"
436474,34 bp upstream of putative dioxygenase,"(TUR9, TUR1, HU109, HUR18, TUR27, 3HK), HSA10",C->T,Intergenic,-,,"(('SATW20_04050',),)","(None,)","(('putative dioxygenase',),)","(-34,)","(0,)","(1,)","('CDS',)"
594883,Tetrapyrrole (corrin/porphyrin) methylase family protein,"(BK24210, LHH1), TUR9",C->T,Pro49Ser,-,,"(('SATW20_05570',),)","(None,)","(('tetrapyrrole (corrin/porphyrin) methylase family protein',),)","(0,)","(0,)","(1,)","('CDS',)"
657696,DNA-directed RNA polymerase beta chain protein (RpoB),"GRE4, HSJ216, GRE108, HDG2",C->A,Asp471Glu,Rifampin (25),,"(('SATW20_06120',),)","(('rpoB',),)","(('DNA-directed RNA polymerase beta chain protein',),)","(0,)","(0,)","(1,)","('CDS',)"
657724,RpoB,"(GRE18, GRE317, GRE4), (TUR9, TUR1, HU109, HUR18, TUR27, 3HK), (HU25, 2A8, BRA36, BZ48, BRA2, CHL1, CHL151, AGT120, HGSA9, HGSA142, HSJ216, AGT67, AGT9, URU34, AGT1), (HDG2, HSA10, FFP103), (S85, S87, S130, S93, S71, S102, S40)",C->A,His481Asn,Rifampin (25),,"(('SATW20_06120',),)","(('rpoB',),)","(('DNA-directed RNA polymerase beta chain protein',),)","(0,)","(0,)","(1,)","('CDS',)"
657869,DNA-directed RNA polymerase beta chain protein RpoB,"AGT67, (S93, S71, S102, S40)",C->T,Ser529Leu,Rifampin (25),,"(('SATW20_06120',),)","(('rpoB',),)","(('DNA-directed RNA polymerase beta chain protein',),)","(0,)","(0,)","(1,)","('CDS',)"
666536,Translation elongation factor G (FusA),"(GRE18, GRE317, GRE4), GRE108",T->A,Leu461Lys,Fusidic acid (20),"Change from leucine to lysine due to the presence of both SNPs (666536, 666537) within the same codon.","(('SATW20_06170',),)","(('fus',),)","(('translation elongation factor G',),)","(0,)","(0,)","(1,)","('CDS',)"
666537,FusA,"(GRE18, GRE317, GRE4), GRE108",T->A,Leu461Lys,Fusidic acid (20),"Change from leucine to lysine due to the presence of both SNPs (666536, 666537) within the same codon.","(('SATW20_06170',),)","(('fus',),)","(('translation elongation factor G',),)","(0,)","(0,)","(1,)","('CDS',)"
681826,48 bp upstream of serine-aspartate repeat-containing protein C,"CHI61, (S26, S97, S2, S78, S39)",C->A,Intergenic,-,,"(('SATW20_06310',),)","(('sdrC',),)","(('serine-aspartate repeat-containing protein C',),)","(-49,)","(0,)","(1,)","('CDS',)"
862898,Putative membrane protein,"GRE4, (S87, S130)",A->C,Ser160Ala,-,,"(('SATW20_08040',),)","(None,)","(('putative membrane protein',),)","(0,)","(0,)","(-1,)","('CDS',)"
1130135,63 bp upstream of FolD bifunctional protein,"URU110, HGSA9",G->T,Intergenic,-,,"(('SATW20_10590',),)","(('folD',),)","(('FolD bifunctional protein [includes:methylenetetrahydrofolate dehydrogenase/methenyltetrahydrofolate cyclohydrolase]',),)","(-63,)","(0,)","(-1,)","('CDS',)"
1138698,Phosphoribosylglycinamide formyltransferase (PurN),"(GRE18, GRE317, GRE4), (HUSA304, HU106), (HSA10, FFP103)",T->A,Leu174Met,-,,"(('SATW20_10680',),)","(('purN',),)","(('phosphoribosylglycinamide formyltransferase',),)","(0,)","(0,)","(1,)","('CDS',)"
1172434,50 bp upstream of probable manganese transport protein,"(TUR27, 3HK), (HU25, 2A8, BRA36, BZ48, BRA2, CHL1, CHL151, AGT120, HGSA9, HGSA142, HSJ216, AGT67, AGT9, URU34, AGT1), (TW20, S38, S7, DEN907, S26, S97, S25, S2, S106, S78, S24, S81, S39)",T->G,Intergenic,-,,"(('SATW20_11000',),)","(None,)","(('putative manganese transport protein',),)","(-50,)","(0,)","(-1,)","('CDS',)"
1172436,52 bp upstream of probable manganese transport protein,"(BK24210, LHH1), HSA11",T->C,Intergenic,-,,"(('SATW20_11000',),)","(None,)","(('putative manganese transport protein',),)","(-52,)","(0,)","(-1,)","('CDS',)"
1172444,60 bp upstream of probable manganese transport protein,"(R35, GRE18, GRE317, GRE4), (HDG2, HSA10, FFP103, ICP5011, ICP5014, ICP5062)",C->G,Intergenic,-,,"(('SATW20_11000',),)","(None,)","(('putative manganese transport protein',),)","(-60,)","(0,)","(-1,)","('CDS',)"
1206826,ribonuclease HIII,"(HU25, 2A8, BRA36, BZ48, BRA2, CHL1, CHL151, AGT120, HGSA9, HGSA142, HSJ216, AGT67, AGT9, URU34, AGT1), (TW20)",C->T,Glu199Lys,-,,"(('SATW20_11340',),)","(('rnhC',),)","(('ribonuclease HIII',),)","(0,)","(0,)","(-1,)","('CDS',)"
1261219,Isoleucyl-tRNA synthetase,"CHI59, TW20",G->T,Val588Phe,Mupirocin (22),,"(('SATW20_11870',),)","(('ileS',),)","(('isoleucyl-tRNA synthetase',),)","(0,)","(0,)","(1,)","('CDS',)"
1448063,Topoisomerase IV subunit A (GrlA),"ANS46, R35, (HDG2, HSA10, FFP103), ICP5011",T->C,Ser80Phe,Quinolone (23),,"(('SATW20_13560',),)","(('grlA',),)","(('topoisomerase IV subunit A',),)","(0,)","(0,)","(1,)","('CDS',)"
1524413,Dihydrofolate reductase type I (DfrB),"GRE18, (URU110, HU25, 2A8, BRA36, BZ48, BRA2, CHL1, CHL151, AGT120, HGSA9, HGSA142, HSJ216, AGT67, AGT9, URU34, AGT1)",T->C,His150Arg,Trimethoprim (24),,"(('SATW20_14270',),)","(('dfrB',),)","(('dihydrofolate reductase type I',),)","(0,)","(0,)","(-1,)","('CDS',)"
1524566,DfrB,"(ANS46, BK2421, LHH1), (GRE18, GRE317, GRE4), (URU110, HU25, 2A8, BRA36, BZ48, BRA2, CHL1, CHL151, AGT120, HGSA9, HGSA142, HSJ216, AGT67, AGT9, URU34, AGT1), (HU106, HUSA304, HDG2, HSA10, FFP103, ICP5011, ICP5014, ICP5062)",A->T,Phe99Tyr,Trimethoprim (21),,"(('SATW20_14270',),)","(('dfrB',),)","(('dihydrofolate reductase type I',),)","(0,)","(0,)","(-1,)","('CDS',)"
1524789,DfrB,"LHH1, 2A8",G->A,Synonymous,-,,"(('SATW20_14270',),)","(('dfrB',),)","(('dihydrofolate reductase type I',),)","(0,)","(0,)","(-1,)","('CDS',)"
1525796,Thymidylate synthase (ThyA),"LHH1, 2A8, GRE108",G->A,Synonymous,-,,"(('SATW20_14280',),)","(('thyA',),)","(('thymidylate synthase',),)","(0,)","(0,)","(-1,)","('CDS',)"
1525817,ThyA,"LHH1, 2A8, GRE108",G->A,Synonymous,-,,"(('SATW20_14280',),)","(('thyA',),)","(('thymidylate synthase',),)","(0,)","(0,)","(-1,)","('CDS',)"
1525832,ThyA,"LHH1, 2A8, GRE108",G->A,Synonymous,-,,"(('SATW20_14280',),)","(('thyA',),)","(('thymidylate synthase',),)","(0,)","(0,)","(-1,)","('CDS',)"
1640281,Glyoxalase/bleomycin resistance protein/dioxygenase superfamily protein,"ICP5014, (CHI59, CHI61)",T->G,Synonymous,-,,"(('SATW20_15070',),)","(None,)","(('glyoxalase/bleomycin resistance protein/dioxygenase superfamily protein',),)","(0,)","(0,)","(-1,)","('CDS',)"
1689862,Putative transcriptional repressor (CcpN),"(BK24210, LHH1), (HU106, HUSA304)",C->T,Synonymous,-,,"(('SATW20_15600',),)","(('ccpN',),)","(('putative transcriptional repressor ccpN',),)","(0,)","(0,)","(-1,)","('CDS',)"
1755814,Probable cell wall amidase (LytH),"HDG2, (S85, S87, S130, S93, S71, S102, S40, TW20, S38, S7, DEN907, S26, S25, S97, S106, S2, S78, S42, S24, S81, S39, S21)",A->G,Pro63Ser,-,,"(('SATW20_16260',),)","(None,)","(('putative N-acetylmuramoyl-L-alanine amidase',),)","(0,)","(0,)","(-1,)","('CDS',)"
1921379,Bifunctional riboflavin biosynthesis protein (RibD),"ANS46, URU110",G->T,Asn208Lys,-,,"(('SATW20_17610',),)","(('ribD',),)","(('bifunctional riboflavin biosynthesis protein',),)","(0,)","(0,)","(-1,)","('CDS',)"
2334865,Protein SprT-like,"TUR1, S40",G->A,Ser43Phe,-,,"(('SATW20_22020',),)","(None,)","(('protein sprT-like',),)","(0,)","(0,)","(-1,)","('CDS',)"
2753531,458 bp upstream of conserved hypothetical protein,"(BK24210, LHH1), GRE18",A->T,Intergenic,-,,"(('SATW20_25990',),)","(None,)","(('hypothetical protein',),)","(409,)","(0,)","(-1,)","('CDS',)"
2828688,200 bp downstream of putative exported protein,"(TUR9, TUR1, HU109, TUR27, 3HK), GRE108, CHI59",T->C,Intergenic,-,,"(('SATW20_26650',),)","(None,)","(('putative exported protein',),)","(200,)","(0,)","(1,)","('CDS',)"
2828714,226 bp downstream of putative exported protein,"(TUR9, TUR1, HU109, TUR27, 3HK), GRE108, CHI59, (S38, DEN907, S26, S25, S97, S106, S2, S78, S42, S24, S81, S39, S21)",G->T,Intergenic,-,,"(('SATW20_26650',),)","(None,)","(('putative exported protein',),)","(226,)","(0,)","(1,)","('CDS',)"
2859765,39 bp upstream of O-acetyltransferase (OatA),"3HK, S106",C->T,Intergenic,-,,"(('SATW20_26890',),)","(None,)","(('putative membrane protein',),)","(-39,)","(0,)","(-1,)","('CDS',)"
